{
  "Cam-15b3a2f4": [
    1992.595724,0.000000,1026.231388,
    0.000000,1981.174574,622.536920,
    0.000000,0.000000,1.000000
  ],
  "Cam-3345a6": [
    3870.929939,
    0.000000,
    1157.966018,
    0.000000,
    3877.098830,
    680.780493,
    0.000000,
    0.000000,
    1.000000
  ]
}
