{
  "Cam-15b3a2f4": [
    1992.595724,0.000000,1026.231388,
    0.000000,1981.174574,622.536920,
    0.000000,0.000000,1.000000
  ],
  "Cam-3345a6": [
    1800.321456,
    0.000000,
    960.123456,
    0.000000,
    1790.654321,
    540.987654,
    0.000000,
    0.000000,
    1.000000
  ]
}
